name,link
10,/assets/images/pocket_poster/p1.png, 2
10,/assets/images/pocket_poster/p2.png
10,/assets/images/pocket_poster/p3.png
10,/assets/images/pocket_poster/p4.png
10,/assets/images/pocket_poster/p5.png
10,/assets/images/pocket_poster/p6.png
10,/assets/images/pocket_poster/p7.png
10,/assets/images/pocket_poster/p8.png
10,/assets/images/pocket_poster/p9.png
10,/assets/images/pocket_poster/p10.png
10,/assets/images/pocket_poster/p11.png
10,/assets/images/pocket_poster/p12.png
10,/assets/images/pocket_poster/p13.png
10,/assets/images/pocket_poster/p14.png
10,/assets/images/pocket_poster/p15.png
10,/assets/images/pocket_poster/p16.png
10,/assets/images/pocket_poster/p17.png
10,/assets/images/pocket_poster/p18.png
10,/assets/images/pocket_poster/p19.png
10,/assets/images/pocket_poster/p20.png
00,https://i.pinimg.com/736x/6c/98/cb/6c98cb921a5049fe64c9a0c19f8e100a.jpg
render,/assets/images/ZF01.png
1950,/assets/images/1950.png
02,https://i.pinimg.com/736x/74/cd/31/74cd3171c47ba62045340f9d995d7fbe.jpg
599gtb,/assets/images/599gtb.png
render,/assets/images/ZF02.png
04,https://i.pinimg.com/736x/79/01/45/790145233ea8878eea64f02caa73bde2.jpg
bruce,https://i.pinimg.com/736x/c0/d5/db/c0d5dbf01317dc5256fb3ab56a6fb147.jpg
1960,/assets/images/1960.png
05,https://i.pinimg.com/736x/e9/d7/6f/e9d76f68dbbc8e1e238eea04f0a7ba56.jpg
06,https://i.pinimg.com/736x/55/d6/ae/55d6aedefc39c871317013cf3cfaa0f5.jpg
detomaso,https://i.pinimg.com/736x/78/03/1f/78031fc518371b67170defa89e203b31.jpg
412p,https://i.pinimg.com/736x/05/28/41/052841e1f9a31bdefeac69dd74f96788.jpg
08,https://i.pinimg.com/736x/9c/19/3b/9c193b14ea499678920090baefd5db88.jpg
09,https://i.pinimg.com/736x/93/0e/2a/930e2a6ba407a9ee5d5f289714f0218f.jpg
targa,https://i.pinimg.com/736x/9b/20/51/9b20514e179e061c1aa5ea9b7b0499eb.jpg
1950_2,/assets/images/1950_2.png
10,https://i.pinimg.com/736x/3f/fa/f7/3ffaf794a1c4996dc4e829cd45754b5a.jpg
11,https://i.pinimg.com/736x/d3/61/cb/d361cb378e2391b53deeda321eeb48cb.jpg
12,https://i.pinimg.com/736x/0c/07/41/0c0741e02b8cd12ce1db82a63a00af7e.jpg
lotus,https://i.pinimg.com/736x/54/69/8e/54698ed3f5570dce77091702edb6ad6b.jpg
13,https://i.pinimg.com/736x/1c/bd/5f/1cbd5ffce7f968b4df683cf04b139ce2.jpg
599,/assets/images/599.png
daytona,https://i.pinimg.com/736x/49/7e/8b/497e8bfd32e11a280a6cbe383aed8ddf.jpg
14,https://i.pinimg.com/736x/30/89/02/30890260567867e9f59ecf9d58e72977.jpg
15,https://i.pinimg.com/736x/ce/6f/4b/ce6f4b9e1649680bfb7fc341266b6bae.jpg
F40_pinterest,https://i.pinimg.com/736x/08/cd/1e/08cd1e7a2820516e50a4efe1793a7596.jpg
17,https://i.pinimg.com/736x/55/52/ba/5552baac23646fd5233b79967418983f.jpg
18,https://i.pinimg.com/736x/62/36/a4/6236a44c1e9f5aa3547054d011ccbd20.jpg
19,https://i.pinimg.com/736x/71/be/a0/71bea0eda6a7c5d5a3a06f3a4427d75e.jpg
20,https://i.pinimg.com/736x/ca/5a/ed/ca5aed856f42d1dabb5a6d99bb0929d0.jpg
21,https://i.pinimg.com/736x/3f/35/88/3f35881cc3ac6c8445d63ec8d6983c45.jpg
23,https://i.pinimg.com/736x/d2/88/31/d28831eb155ccbd5910fdbf68a852753.jpg
24,https://i.pinimg.com/736x/37/31/3f/37313f45a11a89d7fc791737f42518be.jpg
25,https://i.pinimg.com/736x/3f/a4/50/3fa450df91d21ebd1f5426d38ac9e3fa.jpg
01,/assets/images/test/image_1.png
02,/assets/images/test/image_2.png
03,/assets/images/test/image_3.png
04,/assets/images/test/image_4.png
05,/assets/images/test/image_5.png
06,/assets/images/test/image_6.png
07,/assets/images/test/image_7.png
08,/assets/images/test/image_8.png
09,/assets/images/test/image_9.png
10,/assets/images/test/image_10.png
11,/assets/images/test/image_11.png
12,/assets/images/test/image_12.png
13,/assets/images/test/image_13.png
14,/assets/images/test/image_14.png
15,/assets/images/test/image_15.png
16,/assets/images/test/image_16.png
17,/assets/images/test/image_17.png
18,/assets/images/test/image_18.png
19,/assets/images/test/image_19.png
20,/assets/images/test/image_20.png
21,/assets/images/test/image_21.png
22,/assets/images/test/image_22.png
23,/assets/images/test/image_23.png
24,/assets/images/test/image_24.png
25,/assets/images/test/image_25.png
26,/assets/images/test/image_26.png
27,/assets/images/test/image_27.png
28,/assets/images/test/image_28.png
29,/assets/images/test/image_29.png
30,/assets/images/test/image_30.png
31,/assets/images/test/image_31.png
32,/assets/images/test/image_32.png
33,/assets/images/test/image_33.png
34,/assets/images/test/image_34.png
35,/assets/images/test/image_35.png
36,/assets/images/test/image_36.png
37,/assets/images/test/image_37.png
38,/assets/images/test/image_38.png
39,/assets/images/test/image_39.png
40,/assets/images/test/image_40.png
41,/assets/images/test/image_41.png
42,/assets/images/test/image_42.png
43,/assets/images/test/image_43.png
44,/assets/images/test/image_44.png
45,/assets/images/test/image_45.png
46,/assets/images/test/image_46.png
47,/assets/images/test/image_47.png
48,/assets/images/test/image_48.png
49,/assets/images/test/image_49.png
50,/assets/images/test/image_50.png
51,/assets/images/test/image_51.png
52,/assets/images/test/image_52.png
53,/assets/images/test/image_53.png
54,/assets/images/test/image_54.png
55,/assets/images/test/image_55.png
56,/assets/images/test/image_56.png
57,/assets/images/test/image_57.png
58,/assets/images/test/image_58.png
59,/assets/images/test/image_59.png
60,/assets/images/test/image_60.png
61,/assets/images/test/image_61.png
62,/assets/images/test/image_62.png
63,/assets/images/test/image_63.png
64,/assets/images/test/image_64.png
65,/assets/images/test/image_65.png
66,/assets/images/test/image_66.png
67,/assets/images/test/image_67.png
68,/assets/images/test/image_68.png
69,/assets/images/test/image_69.png
70,/assets/images/test/image_70.png
71,/assets/images/test/image_71.png
72,/assets/images/test/image_72.png
73,/assets/images/test/image_73.png
74,/assets/images/test/image_74.png
75,/assets/images/test/image_75.png
76,/assets/images/test/image_76.png
77,/assets/images/test/image_77.png
78,/assets/images/test/image_78.png
79,/assets/images/test/image_79.png
80,/assets/images/test/image_80.png
81,/assets/images/test/image_81.png
82,/assets/images/test/image_82.png
83,/assets/images/test/image_83.png
84,/assets/images/test/image_84.png
85,/assets/images/test/image_85.png
86,/assets/images/test/image_86.png
87,/assets/images/test/image_87.png
88,/assets/images/test/image_88.png
89,/assets/images/test/image_89.png
90,/assets/images/test/image_90.png
91,/assets/images/test/image_91.png
92,/assets/images/test/image_92.png
93,/assets/images/test/image_93.png
94,/assets/images/test/image_94.png
95,/assets/images/test/image_95.png
96,/assets/images/test/image_96.png
97,/assets/images/test/image_97.png
98,/assets/images/test/image_98.png
99,/assets/images/test/image_99.png